insert into weather values ("TW_0062", "2023-01-18 09:58:34", 27.5, 1009, 16, 7.1, 16, 4.6);

insert into ship values (44012345, "44012345", "고려103호", "견인용예선");
insert into arrivalport values ("인천항", 37.459896, 126.625601);
insert into schedules values (44012345, "인천항", "부산항", "2023-01-17 18:00:05");
insert into info values (44012345, "2023-01-18 10:01:04", 37.117933, 126.195771, 44.5, 125, 125, 55.89);

insert into ship values (44012346, "44012346", "고려104호", "화물선");
insert into ship values (44012347, "44012347", "고려105호", "유람선");
insert into ship values (44012348, "44012348", "고려106호", "통통배");
insert into ship values (44012349, "44012349", "고려107호", "유선");
insert into ship values (44012350, "44012350", "고려108호", "컨테이너선박");
insert into ship values (44012351, "44012351", "고려109호", "어선");

insert into schedules values (44012345, '인천항', '울산항' ,'2023-01-17 06:36:41');
insert into schedules values (44012346, '인천항', '목포항' ,'2023-01-17 06:37:53');
insert into schedules values (44012347, '인천항', '부산항' ,'2023-01-17 02:57:56');
insert into schedules values (44012348, '인천항', '부산항' ,'2023-01-17 02:57:56');
insert into schedules values (44012349, '인천항', '울산항' ,'2023-01-17 06:36:41');
insert into schedules values (44012350, '인천항', '부산항' ,'2023-01-17 01:28:08');
insert into schedules values (44012351, '인천항', '울산항' ,'2023-01-17 17:50:28');

insert into info values (44012345, '2023-01-18 08:48:20',37.44721132103085, 126.62383485326153, 14.227024369780414, '2023-01-19 10:04:02', 67, 27.33277107678309);
insert into info values (44012346, '2023-01-18 08:48:20',37.45281788241627, 126.62967849303428, 3.468219790642114, '2023-01-19 14:37:21', 126, 24.50693254164492);
insert into info values (44012347, '2023-01-18 08:48:20',37.44970304254766, 126.62896237064753, 16.189638777662665, '2023-01-19 20:25:37', 150, 28.29690247236095);
insert into info values (44012348, '2023-01-18 08:48:20',37.458298168402315, 126.63232292338323, 7.855065959851338, '2023-01-19 07:47:21', 129, 14.917647732301498);
insert into info values (44012349, '2023-01-18 08:48:20',37.44686599228408, 126.61771173531879, 2.7409613695373087, '2023-01-19 11:26:21', 63, 83.88257772717873);
insert into info values (44012350, '2023-01-18 08:48:20',37.45102876644102, 126.63034260463789, 2.7673378138516136, '2023-01-19 06:56:18', 136, 67.96175211738354);
insert into info values (44012351, '2023-01-18 08:48:20',37.452860963541845, 126.62582256818747, 17.32771947082729, '2023-01-19 00:33:19', 131, 39.09778489177976);
