insert into ship values (44012345, "44012345", "고려103호", "견인용예선");
insert into arrivalport values ("인천항", 37.459896, 126.625601);
insert into schedule values (44012345, "인천항", "부산항", "2023-01-17 18:00:05");
insert into info values (44012345, "2023-01-18 10:01:04", 37.117933, 126.195771, 44.5, 125, 125, 55.89);
insert into weather values ("TW_0062", "2023-01-18 09:58:34", 27.5, 1009, 16, 7.1, 16, 4.6);

insert into ship values (44012346, "44012346", "고려104호", "화물선");
insert into ship values (44012347, "44012347", "고려105호", "유람선");
insert into ship values (44012348, "44012348", "고려106호", "통통배");
insert into ship values (44012349, "44012349", "고려107호", "유선");
insert into ship values (44012350, "44012350", "고려108호", "컨테이너선박");
insert into ship values (44012351, "44012351", "고려109호", "어선");

insert into schedule values (44012345, '인천항', '울산항' ,'2023-01-17 06:36:41');
insert into schedule values (44012346, '인천항', '목포항' ,'2023-01-17 06:37:53');
insert into schedule values (44012347, '인천항', '부산항' ,'2023-01-17 02:57:56');
insert into schedule values (44012348, '인천항', '부산항' ,'2023-01-17 02:57:56');
insert into schedule values (44012349, '인천항', '울산항' ,'2023-01-17 06:36:41');
insert into schedule values (44012350, '인천항', '부산항' ,'2023-01-17 01:28:08');
insert into schedule values (44012351, '인천항', '울산항' ,'2023-01-17 17:50:28');

insert into info values (44012345, '2023-01-19 15:03:41',37.14, 125.95, 8.27, '2023-01-19 15:25:15',136, 72.61);
insert into info values (44012346, '2023-01-19 15:03:41',37.2, 126.02, 3.33, '2023-01-19 13:15:19',130, 24.46);
insert into info values (44012347, '2023-01-19 15:03:41',37.29, 125.68, 3.26, '2023-01-19 12:00:10',94, 0.61);
insert into info values (44012348, '2023-01-19 15:03:41',37.31, 125.8, 2.66, '2023-01-19 05:40:18',90, 86.11);
insert into info values (44012349, '2023-01-19 15:03:41',37.31, 125.55, 15.97, '2023-01-19 21:03:56',83, 30.52);
insert into info values (44012350, '2023-01-19 15:03:41',37.05, 126.21, 4.93, '2023-01-19 06:43:58',60, 10.87);
insert into info values (44012351, '2023-01-19 15:03:41',37.15, 125.99, 7.96, '2023-01-19 12:20:27',76, 31.2);