num,timeGroup,ship_shipId,insertTime,shipLat,shipLon,speed,arrivalTime,takeTime,accuracy,status
1,1,308234000,2023-01-31 6:00,36.800294,125.600729,12.3,2023-01-31 7:41,101,83.56,0
2,2,308234000,2023-01-31 6:01,36.805662,125.617002,11.9,2023-01-31 8:11,130,94.9,0
3,3,308234000,2023-01-31 6:02,36.809703,125.618792,11.6,2023-01-31 8:16,134,81.09,0
4,4,308234000,2023-01-31 6:02,36.81518,125.619951,11.3,2023-01-31 8:08,126,80.45,0
5,5,308234000,2023-01-31 6:03,36.815953,125.627469,11.1,2023-01-31 8:18,135,87.17,0
6,6,308234000,2023-01-31 6:04,36.825598,125.629785,10.8,2023-01-31 8:13,129,90.78,0
7,7,308234000,2023-01-31 6:05,36.830661,125.631801,10.6,2023-01-31 9:01,176,92.83,0
8,8,308234000,2023-01-31 6:19,36.834432,125.635187,10.6,2023-01-31 8:24,125,91,0
9,9,308234000,2023-01-31 6:20,36.835888,125.636092,10.4,2023-01-31 8:23,123,97.99,0
10,10,308234000,2023-01-31 6:21,36.837473,125.636377,10.4,2023-01-31 8:54,153,82.75,0
11,11,308234000,2023-01-31 6:22,36.844762,125.638312,10.3,2023-01-31 9:22,180,91.19,0
12,12,308234000,2023-01-31 6:23,36.846853,125.638735,10.1,2023-01-31 8:49,146,86.49,0
13,13,308234000,2023-01-31 6:23,36.855034,125.644891,9.8,2023-01-31 8:42,139,89.64,0
14,14,308234000,2023-01-31 6:24,36.863422,125.644906,9.6,2023-01-31 9:09,165,81.57,0
15,15,308234000,2023-01-31 6:25,36.863523,125.653157,9.5,2023-01-31 8:14,109,86.23,0
16,16,308234000,2023-01-31 6:26,36.872417,125.660259,9.2,2023-01-31 8:35,129,82.31,0
17,17,308234000,2023-01-31 6:27,36.883406,125.669087,9.1,2023-01-31 8:18,111,83.9,0
18,18,308234000,2023-01-31 6:28,36.888953,125.674545,8.9,2023-01-31 8:52,144,86.9,0
19,19,308234000,2023-01-31 6:29,36.899163,125.688119,8,2023-01-31 8:13,104,81.69,0
20,20,308234000,2023-01-31 6:31,36.902302,125.701043,7.8,2023-01-31 8:09,98,98.4,0
21,21,308234000,2023-01-31 6:32,36.903876,125.719569,7.3,2023-01-31 8:49,137,94.44,0
22,22,308234000,2023-01-31 6:33,36.904639,125.722991,6.9,2023-01-31 9:28,175,80.7,0
23,23,308234000,2023-01-31 6:34,36.920255,125.730455,6.5,2023-01-31 9:02,148,98.07,0
24,24,308234000,2023-01-31 6:38,36.921077,125.738065,6.3,2023-01-31 8:44,126,83.85,0
25,25,308234000,2023-01-31 6:39,36.922008,125.752037,5.8,2023-01-31 9:12,153,90.31,0
26,26,308234000,2023-01-31 7:22,36.936858,125.753955,5.5,2023-01-31 9:01,99,80.3,0
27,27,308234000,2023-01-31 7:25,36.937279,125.758506,5.3,2023-01-31 9:57,152,95.75,0
28,28,308234000,2023-01-31 7:26,36.940969,125.760858,4.6,2023-01-31 10:25,179,88.33,0
29,29,308234000,2023-01-31 7:27,36.941671,125.805746,4.1,2023-01-31 9:57,150,91.25,0
30,30,308234000,2023-01-31 7:28,36.942676,125.806294,3.6,2023-01-31 9:35,127,99.87,0
31,31,308234000,2023-01-31 7:29,36.950038,125.811776,3.2,2023-01-31 10:27,178,87.17,0
32,32,308234000,2023-01-31 7:30,36.951198,125.813408,1.9,2023-01-31 9:39,129,85.93,0
33,33,308234000,2023-01-31 7:31,36.951771,125.823969,1.7,2023-01-31 9:09,98,91.14,0
34,34,308234000,2023-01-31 7:32,36.952376,125.825653,1.6,2023-01-31 9:28,116,99.81,0
35,35,308234000,2023-01-31 7:34,36.953678,125.847949,1.4,2023-01-31 9:29,115,93.48,0
36,36,308234000,2023-01-31 7:38,36.954402,125.852199,1.2,2023-01-31 9:52,134,84.81,0
37,37,308234000,2023-01-31 7:40,36.957235,125.858832,0.9,2023-01-31 9:55,135,87.11,0
38,38,308234000,2023-01-31 7:42,36.957944,125.859754,1,2023-01-31 10:24,162,88.25,0
39,39,308234000,2023-01-31 7:43,36.968556,125.864694,0.9,2023-01-31 10:16,153,89.77,0
40,40,308234000,2023-01-31 7:44,36.974725,125.868129,0.8,2023-01-31 9:35,111,92.14,0
41,41,308234000,2023-01-31 7:45,36.977358,125.868132,0.7,2023-01-31 10:33,168,92.85,0
42,42,308234000,2023-01-31 7:46,36.977367,125.869456,1,2023-01-31 10:12,146,92.95,0
43,43,308234000,2023-01-31 7:47,36.978978,125.873074,1,2023-01-31 10:41,174,83.05,0
44,44,308234000,2023-01-31 7:49,36.986455,125.87457,1,2023-01-31 9:55,126,87.58,0
45,45,308234000,2023-01-31 7:51,36.996659,125.902425,1,2023-01-31 9:58,127,97.17,0
46,46,308234000,2023-01-31 7:52,36.997381,125.912593,1,2023-01-31 10:50,178,83.6,0
47,47,308234000,2023-01-31 8:01,37.003678,125.916961,1,2023-01-31 10:38,157,88.76,0
48,48,308234000,2023-01-31 8:02,37.005118,125.918544,1.1,2023-01-31 10:14,132,84.26,0
49,49,308234000,2023-01-31 8:02,37.011031,125.929133,1,2023-01-31 10:53,171,80.4,0
50,50,308234000,2023-01-31 8:03,37.011923,125.934022,1,2023-01-31 9:56,113,97.45,0
51,51,308234000,2023-01-31 8:04,37.014362,125.934092,1.1,2023-01-31 9:43,99,83.11,0
52,52,308234000,2023-01-31 8:05,37.026935,125.937481,1,2023-01-31 10:50,165,99.29,0
53,53,308234000,2023-01-31 8:06,37.028905,125.940135,1,2023-01-31 10:24,138,89.95,0
54,54,308234000,2023-01-31 8:07,37.034721,125.941751,1,2023-01-31 10:14,127,98.84,0
55,55,308234000,2023-01-31 8:08,37.039228,125.966831,0.9,2023-01-31 10:32,144,95.24,0
56,56,308234000,2023-01-31 8:09,37.050658,125.970124,0.8,2023-01-31 9:54,105,86.06,0
57,57,308234000,2023-01-31 8:10,37.060167,125.972251,0.7,2023-01-31 10:14,124,88.32,0
58,58,308234000,2023-01-31 8:11,37.062916,125.97253,0.7,2023-01-31 11:03,172,96.25,0
59,59,308234000,2023-01-31 8:12,37.063499,125.981752,0.2,2023-01-31 10:34,142,99.82,0
60,60,308234000,2023-01-31 8:13,37.065239,125.983583,0.2,2023-01-31 10:45,152,92.37,0
61,61,308234000,2023-01-31 8:14,37.065531,125.98362,0.5,2023-01-31 9:53,99,86.58,0
62,62,308234000,2023-01-31 8:15,37.06787,125.98454,0.3,2023-01-31 10:52,157,92.63,0
63,63,308234000,2023-01-31 8:16,37.070709,125.985387,0.3,2023-01-31 10:51,155,81,0
64,64,308234000,2023-01-31 8:17,37.071627,125.986396,0.3,2023-01-31 10:42,145,96.55,0
65,65,308234000,2023-01-31 8:18,37.077862,125.991691,0.6,2023-01-31 10:24,126,96.56,0
66,66,308234000,2023-01-31 8:19,37.08508,125.995617,3.8,2023-01-31 9:59,100,85.84,0
67,67,308234000,2023-01-31 8:20,37.085497,125.995642,4.3,2023-01-31 10:54,154,86.34,0
68,68,308234000,2023-01-31 8:21,37.087727,125.998428,4.7,2023-01-31 10:07,106,88.46,0
69,69,308234000,2023-01-31 8:22,37.096267,125.998436,4.9,2023-01-31 10:04,102,94.11,0
70,70,308234000,2023-01-31 8:23,37.10242,125.998858,5.1,2023-01-31 11:19,176,98.77,0
71,71,308234000,2023-01-31 8:24,37.111365,126.001745,5.7,2023-01-31 10:11,107,90.64,0
72,72,308234000,2023-01-31 8:25,37.113404,126.013613,5.9,2023-01-31 10:50,145,82.05,0
73,73,308234000,2023-01-31 8:26,37.116451,126.014529,5.9,2023-01-31 10:53,147,81.1,0
74,74,308234000,2023-01-31 8:27,37.117949,126.019152,6.1,2023-01-31 10:33,126,99.3,0
75,75,308234000,2023-01-31 8:28,37.128869,126.025754,6.1,2023-01-31 11:26,178,95.08,0
76,76,308234000,2023-01-31 8:29,37.138499,126.025754,6.2,2023-01-31 10:13,104,89.6,0
77,77,308234000,2023-01-31 8:30,37.14232,126.026051,6.3,2023-01-31 11:23,173,91.11,0
78,78,308234000,2023-01-31 8:31,37.144257,126.03046,6.4,2023-01-31 10:14,103,85.85,0
79,79,308234000,2023-01-31 8:32,37.156551,126.034576,6.5,2023-01-31 10:56,144,81.38,0
80,80,308234000,2023-01-31 8:33,37.158617,126.037737,6.5,2023-01-31 10:26,113,82.56,0
81,81,308234000,2023-01-31 8:35,37.15901,126.063428,6.6,2023-01-31 10:10,95,97.87,0
82,82,308234000,2023-01-31 8:36,37.159464,126.067319,6.5,2023-01-31 11:18,162,92.62,0
83,83,308234000,2023-01-31 8:37,37.169802,126.076403,6.6,2023-01-31 10:45,128,95.9,0
84,84,308234000,2023-01-31 8:38,37.172587,126.087589,6.6,2023-01-31 11:08,150,98.88,0
85,85,308234000,2023-01-31 8:41,37.173251,126.092865,6.6,2023-01-31 11:05,144,96.54,0
86,86,308234000,2023-01-31 8:42,37.174009,126.097136,6.6,2023-01-31 11:34,172,87.01,0
87,87,308234000,2023-01-31 8:43,37.17758,126.100769,6.7,2023-01-31 10:33,110,93.88,0
88,88,308234000,2023-01-31 8:44,37.186412,126.102798,6.9,2023-01-31 11:18,154,83.01,0
89,89,308234000,2023-01-31 8:45,37.18683,126.10449,6.9,2023-01-31 11:43,178,92.42,0
90,90,308234000,2023-01-31 8:47,37.190122,126.118993,7.3,2023-01-31 11:34,167,84.18,0
91,91,308234000,2023-01-31 8:48,37.192426,126.1364,7.9,2023-01-31 10:24,96,94.5,0
92,92,308234000,2023-01-31 8:49,37.192634,126.142345,8.6,2023-01-31 10:52,123,88.54,0
93,93,308234000,2023-01-31 8:51,37.196258,126.142599,8.7,2023-01-31 11:48,177,81.46,0
94,94,308234000,2023-01-31 8:52,37.202679,126.143644,8.8,2023-01-31 10:31,99,83.56,0
95,95,308234000,2023-01-31 8:53,37.205002,126.144264,8.9,2023-01-31 11:15,142,89.5,0
96,96,308234000,2023-01-31 8:54,37.206571,126.146805,9,2023-01-31 11:16,142,80.99,0
97,97,308234000,2023-01-31 8:55,37.209355,126.157232,8.9,2023-01-31 11:28,153,80.39,0
98,98,308234000,2023-01-31 8:56,37.215694,126.159586,7.8,2023-01-31 10:32,96,85.63,0
99,99,308234000,2023-01-31 8:57,37.217092,126.162175,7.4,2023-01-31 10:40,103,91.22,0
100,100,308234000,2023-01-31 8:58,37.21773,126.172792,7.2,2023-01-31 10:39,101,90.38,0
101,101,308234000,2023-01-31 8:59,37.218671,126.18117,6.9,2023-01-31 10:59,120,95.79,0
102,102,308234000,2023-01-31 9:00,37.220198,126.19897,6.1,2023-01-31 11:08,128,83.92,0
103,103,308234000,2023-01-31 9:01,37.221766,126.20483,5.7,2023-01-31 11:09,128,99.02,0
104,104,308234000,2023-01-31 9:02,37.227337,126.205665,5,2023-01-31 11:22,140,89.53,0
105,105,308234000,2023-01-31 9:03,37.227885,126.226116,4.7,2023-01-31 11:43,160,93.34,0
106,106,308234000,2023-01-31 9:04,37.229586,126.230965,4.5,2023-01-31 12:03,179,89.5,0
107,107,308234000,2023-01-31 9:05,37.230315,126.236597,4.3,2023-01-31 11:45,160,88,0
108,108,308234000,2023-01-31 9:06,37.23199,126.242836,4.2,2023-01-31 11:15,129,92.63,0
109,109,308234000,2023-01-31 9:07,37.23342,126.249728,3.9,2023-01-31 10:57,110,89.41,0
110,110,308234000,2023-01-31 9:08,37.238241,126.267472,3.7,2023-01-31 11:35,147,84.54,0
111,111,308234000,2023-01-31 9:09,37.240142,126.270879,3.5,2023-01-31 11:24,135,94.37,0
112,112,308234000,2023-01-31 9:10,37.243678,126.283981,3.2,2023-01-31 11:00,110,89.61,0
113,113,308234000,2023-01-31 9:11,37.244585,126.285602,2.6,2023-01-31 12:11,180,80.37,0
114,114,308234000,2023-01-31 9:12,37.272836,126.291617,2.1,2023-01-31 11:24,132,80.8,0
115,115,308234000,2023-01-31 9:13,37.279741,126.302257,1.8,2023-01-31 10:57,104,99.33,0
116,116,308234000,2023-01-31 9:14,37.280527,126.310054,1.7,2023-01-31 11:09,115,95.81,0
117,117,308234000,2023-01-31 9:15,37.280721,126.318277,1.4,2023-01-31 12:11,176,93.52,0
118,118,308234000,2023-01-31 9:16,37.283515,126.320266,1.3,2023-01-31 11:52,156,82.61,0
119,119,308234000,2023-01-31 9:17,37.283548,126.336702,1.3,2023-01-31 11:00,103,96.91,0
120,120,308234000,2023-01-31 9:18,37.287171,126.346927,1.1,2023-01-31 12:16,178,81.02,0
121,121,308234000,2023-01-31 9:19,37.29341,126.352896,1.1,2023-01-31 12:14,175,99.9,0
122,122,308234000,2023-01-31 9:20,37.297553,126.358027,1,2023-01-31 11:58,158,95.58,0
123,123,308234000,2023-01-31 9:21,37.304086,126.361644,0.9,2023-01-31 11:44,143,92.53,0
124,124,308234000,2023-01-31 9:22,37.310707,126.366522,0.8,2023-01-31 11:06,104,80.14,0
125,125,308234000,2023-01-31 9:23,37.31163,126.369362,0.8,2023-01-31 11:46,143,87.04,0
126,126,308234000,2023-01-31 9:24,37.312591,126.373738,0.8,2023-01-31 11:32,128,82.05,0
127,127,308234000,2023-01-31 9:25,37.314883,126.37377,0.8,2023-01-31 12:11,166,99.12,0
128,128,308234000,2023-01-31 9:26,37.318012,126.37977,0.7,2023-01-31 11:04,98,91.97,0
129,129,308234000,2023-01-31 9:27,37.326266,126.386468,0.7,2023-01-31 11:33,126,83.85,0
130,130,308234000,2023-01-31 9:28,37.327601,126.393515,0.8,2023-01-31 11:28,120,89.2,0
131,131,308234000,2023-01-31 9:29,37.329048,126.42235,0.9,2023-01-31 12:15,166,96.87,0
132,132,308234000,2023-01-31 9:30,37.330814,126.427522,0.8,2023-01-31 11:51,141,87.9,0
133,133,308234000,2023-01-31 9:31,37.332246,126.43156,0.8,2023-01-31 12:30,179,98,0
134,134,308234000,2023-01-31 9:32,37.33227,126.432223,0.7,2023-01-31 12:26,174,96.3,0
135,135,308234000,2023-01-31 9:33,37.341882,126.434364,0.7,2023-01-31 11:49,136,81,0
136,136,308234000,2023-01-31 9:34,37.345038,126.44922,0.6,2023-01-31 11:32,118,94.57,0
137,137,308234000,2023-01-31 9:35,37.350737,126.450854,0.6,2023-01-31 11:14,99,80.91,0
138,138,308234000,2023-01-31 9:36,37.355592,126.451537,0.6,2023-01-31 12:30,174,89.19,0
139,139,308234000,2023-01-31 9:37,37.359103,126.457502,0.7,2023-01-31 11:20,103,80.15,0
140,140,308234000,2023-01-31 9:38,37.362818,126.466961,0.7,2023-01-31 11:55,137,97.98,0
141,141,308234000,2023-01-31 9:39,37.37092,126.470985,0.7,2023-01-31 12:32,173,99.99,0
142,142,308234000,2023-01-31 9:40,37.373848,126.471389,0.7,2023-01-31 12:21,161,98.24,0
143,143,308234000,2023-01-31 9:41,37.378583,126.478795,0.7,2023-01-31 11:16,95,88.99,0
144,144,308234000,2023-01-31 9:42,37.380122,126.481903,0.7,2023-01-31 11:42,120,90.67,0
145,145,308234000,2023-01-31 9:43,37.383477,126.491351,0.7,2023-01-31 12:30,167,85.8,0
146,146,308234000,2023-01-31 9:44,37.388969,126.495116,0.7,2023-01-31 12:33,169,99.85,0
147,147,308234000,2023-01-31 9:45,37.399321,126.49686,0.7,2023-01-31 11:20,95,85.52,0
148,148,308234000,2023-01-31 9:47,37.399437,126.512804,0.7,2023-01-31 11:57,130,80.46,0
149,149,308234000,2023-01-31 9:48,37.400943,126.514748,0.8,2023-01-31 11:47,119,85.69,0
150,150,308234000,2023-01-31 9:49,37.402294,126.524083,0.8,2023-01-31 12:34,165,94.41,0
151,151,308234000,2023-01-31 9:50,37.402752,126.528244,0.8,2023-01-31 12:39,169,92.3,0
152,152,308234000,2023-01-31 9:51,37.403225,126.543153,0.7,2023-01-31 12:48,177,81.33,0
153,153,308234000,2023-01-31 9:52,37.409639,126.543731,0.6,2023-01-31 12:36,164,94.78,0
154,154,308234000,2023-01-31 9:53,37.413774,126.546875,0.6,2023-01-31 12:52,179,80.19,0
155,155,308234000,2023-01-31 9:54,37.417721,126.557202,0.6,2023-01-31 12:38,164,87.51,0
156,156,308234000,2023-01-31 9:55,37.4233,126.558969,0.5,2023-01-31 12:08,133,94.84,0
157,157,308234000,2023-01-31 9:56,37.42608,126.560968,0.5,2023-01-31 12:51,175,86.69,0
158,158,308234000,2023-01-31 9:57,37.429633,126.56175,0.6,2023-01-31 11:42,105,94.77,0
159,159,308234000,2023-01-31 9:58,37.430863,126.569501,0.6,2023-01-31 11:53,115,99.62,0
160,160,308234000,2023-01-31 9:59,37.440515,126.601098,0.5,2023-01-31 12:55,176,95.46,1
161,1,229334000,2023-01-31 6:00,36.801954,125.627323,0.1,2023-01-31 7:45,105,93.49,0
162,2,229334000,2023-01-31 6:01,36.802211,125.641615,0.1,2023-01-31 8:56,175,95.9,0
163,3,229334000,2023-01-31 6:02,36.810709,125.65831,0.1,2023-01-31 7:39,97,81.89,0
164,6,229334000,2023-01-31 6:04,36.810976,125.662492,0.7,2023-01-31 8:57,173,99.33,0
165,7,229334000,2023-01-31 6:06,36.817455,125.670895,0.5,2023-01-31 8:29,143,81.52,0
166,9,229334000,2023-01-31 6:20,36.817914,125.678777,0.5,2023-01-31 8:28,128,92.06,0
167,11,229334000,2023-01-31 6:22,36.818024,125.68441,0.4,2023-01-31 8:58,156,97.94,0
168,14,229334000,2023-01-31 6:24,36.824865,125.69441,0.8,2023-01-31 8:19,115,89.53,0
169,16,229334000,2023-01-31 6:26,36.860845,125.698942,1.3,2023-01-31 8:32,126,92.79,0
170,18,229334000,2023-01-31 6:28,36.863003,125.700237,1.9,2023-01-31 8:09,101,89.53,0
171,20,229334000,2023-01-31 6:31,36.870166,125.721391,3,2023-01-31 8:25,114,86.83,0
172,21,229334000,2023-01-31 6:32,36.873993,125.723339,3.2,2023-01-31 8:43,131,98.07,0
173,22,229334000,2023-01-31 6:33,36.876078,125.725269,4,2023-01-31 9:29,176,92.7,0
174,23,229334000,2023-01-31 6:34,36.89624,125.734019,4.3,2023-01-31 8:52,138,90.24,0
175,25,229334000,2023-01-31 6:39,36.899631,125.735692,5,2023-01-31 8:54,135,80.81,0
176,26,229334000,2023-01-31 7:22,36.903848,125.738048,5,2023-01-31 9:31,129,88,0
177,28,229334000,2023-01-31 7:26,36.918447,125.740745,5.3,2023-01-31 9:01,95,92.17,0
178,30,229334000,2023-01-31 7:28,36.92233,125.752494,5.5,2023-01-31 10:24,176,91.92,0
179,32,229334000,2023-01-31 7:30,36.923255,125.75576,5.7,2023-01-31 9:21,111,84.6,0
180,34,229334000,2023-01-31 7:32,36.926302,125.775264,6.3,2023-01-31 9:30,118,86.91,0
181,35,229334000,2023-01-31 7:34,36.930459,125.776899,7,2023-01-31 10:23,169,98.27,0
182,36,229334000,2023-01-31 7:38,36.940981,125.791396,7.6,2023-01-31 9:26,108,85.91,0
183,37,229334000,2023-01-31 7:40,36.953221,125.796885,7.9,2023-01-31 9:26,106,87.54,0
184,38,229334000,2023-01-31 7:42,36.973866,125.803527,8.2,2023-01-31 9:54,132,84.99,0
185,40,229334000,2023-01-31 7:44,36.979891,125.81766,8.9,2023-01-31 10:26,162,81.32,0
186,42,229334000,2023-01-31 7:46,36.98243,125.846837,9.3,2023-01-31 9:30,104,93.36,0
187,46,229334000,2023-01-31 7:52,36.987658,125.887146,9.7,2023-01-31 9:28,96,87.6,0
188,48,229334000,2023-01-31 8:02,36.994343,125.892671,10,2023-01-31 10:55,173,82.18,0
189,49,229334000,2023-01-31 8:02,37.000141,125.896487,10,2023-01-31 9:53,111,81.47,0
190,51,229334000,2023-01-31 8:04,37.004465,125.913552,10,2023-01-31 10:16,132,85.07,0
191,53,229334000,2023-01-31 8:06,37.018016,125.924511,9.6,2023-01-31 11:04,178,98.93,0
192,55,229334000,2023-01-31 8:08,37.025392,125.937077,9.1,2023-01-31 10:24,136,85.13,0
193,57,229334000,2023-01-31 8:10,37.027807,125.941839,8.9,2023-01-31 10:21,131,86.09,0
194,59,229334000,2023-01-31 8:12,37.032955,125.943861,9.2,2023-01-31 10:45,153,84.05,0
195,61,229334000,2023-01-31 8:14,37.041413,125.96118,9.4,2023-01-31 10:20,126,99.67,0
196,63,229334000,2023-01-31 8:16,37.046305,125.98904,9.5,2023-01-31 9:53,97,82.83,0
197,65,229334000,2023-01-31 8:18,37.051952,125.99066,9.6,2023-01-31 10:04,106,98.88,0
198,67,229334000,2023-01-31 8:20,37.054408,125.99598,9.8,2023-01-31 10:58,158,86.43,0
199,69,229334000,2023-01-31 8:22,37.056099,125.999857,10,2023-01-31 11:11,169,80.67,0
200,71,229334000,2023-01-31 8:24,37.068012,126.002013,10.2,2023-01-31 10:35,131,92.57,0
201,73,229334000,2023-01-31 8:26,37.069881,126.035941,10.3,2023-01-31 10:11,105,85.02,0
202,75,229334000,2023-01-31 8:28,37.087359,126.039079,10.4,2023-01-31 11:13,165,96.26,0
203,77,229334000,2023-01-31 8:30,37.088608,126.074212,10.6,2023-01-31 10:58,148,98.34,0
204,79,229334000,2023-01-31 8:32,37.098841,126.080275,10.7,2023-01-31 10:18,106,88.93,0
205,82,229334000,2023-01-31 8:36,37.114636,126.103677,10.7,2023-01-31 10:39,123,95.77,0
206,84,229334000,2023-01-31 8:38,37.129876,126.108444,10.2,2023-01-31 10:42,124,90,0
207,86,229334000,2023-01-31 8:42,37.131498,126.112081,8.9,2023-01-31 11:37,175,85.1,0
208,88,229334000,2023-01-31 8:44,37.143337,126.117628,9.1,2023-01-31 11:00,136,82.78,0
209,91,229334000,2023-01-31 8:48,37.14651,126.124518,8.8,2023-01-31 11:15,147,99.92,0
210,94,229334000,2023-01-31 8:52,37.153814,126.125041,9.1,2023-01-31 11:07,135,98.83,0
211,96,229334000,2023-01-31 8:54,37.15545,126.171336,9,2023-01-31 10:56,122,81.2,0
212,98,229334000,2023-01-31 8:56,37.183594,126.182157,9,2023-01-31 11:39,163,89.79,0
213,100,229334000,2023-01-31 8:58,37.207933,126.184546,9,2023-01-31 11:56,178,93,0
214,102,229334000,2023-01-31 9:00,37.208448,126.190133,9.1,2023-01-31 11:14,134,90.86,0
215,104,229334000,2023-01-31 9:02,37.208474,126.194874,9.1,2023-01-31 10:52,110,83.19,0
216,106,229334000,2023-01-31 9:04,37.212688,126.212414,8.9,2023-01-31 10:54,110,81.56,0
217,108,229334000,2023-01-31 9:06,37.219857,126.223255,8,2023-01-31 10:44,98,95.38,0
218,110,229334000,2023-01-31 9:08,37.232483,126.223402,7.5,2023-01-31 11:24,136,92.32,0
219,112,229334000,2023-01-31 9:10,37.235057,126.225494,7.4,2023-01-31 11:07,117,95.26,0
220,114,229334000,2023-01-31 9:12,37.23811,126.231861,7.3,2023-01-31 12:01,169,96.23,0
221,116,229334000,2023-01-31 9:14,37.242441,126.254961,7.1,2023-01-31 11:23,129,98.66,0
222,118,229334000,2023-01-31 9:16,37.25133,126.255591,6.9,2023-01-31 11:13,117,95.46,0
223,120,229334000,2023-01-31 9:18,37.263893,126.262756,6.9,2023-01-31 11:10,112,87.25,0
224,122,229334000,2023-01-31 9:20,37.26636,126.287317,6.5,2023-01-31 11:44,144,97.3,0
225,124,229334000,2023-01-31 9:22,37.272329,126.309135,6.5,2023-01-31 11:49,147,80.54,0
226,126,229334000,2023-01-31 9:24,37.275101,126.333485,6.4,2023-01-31 11:25,121,81.26,0
227,128,229334000,2023-01-31 9:26,37.294966,126.344482,6.5,2023-01-31 12:21,175,82.82,0
228,130,229334000,2023-01-31 9:28,37.296143,126.37533,6.6,2023-01-31 11:20,112,97.37,0
229,132,229334000,2023-01-31 9:30,37.303579,126.395587,6.5,2023-01-31 11:56,146,88.27,0
230,134,229334000,2023-01-31 9:32,37.305377,126.412292,6.7,2023-01-31 11:34,122,96.9,0
231,136,229334000,2023-01-31 9:34,37.311963,126.422923,6.7,2023-01-31 11:14,100,88.51,0
232,138,229334000,2023-01-31 9:36,37.325498,126.45261,6.4,2023-01-31 12:24,168,99.53,0
233,140,229334000,2023-01-31 9:38,37.334455,126.480548,6.6,2023-01-31 12:00,142,92.3,0
234,142,229334000,2023-01-31 9:40,37.337655,126.489462,6.5,2023-01-31 12:01,141,95.74,0
235,144,229334000,2023-01-31 9:42,37.352769,126.493346,6.7,2023-01-31 11:58,136,84.82,0
236,146,229334000,2023-01-31 9:44,37.357473,126.513205,6.8,2023-01-31 11:59,135,81.95,0
237,149,229334000,2023-01-31 9:48,37.358435,126.513217,6.6,2023-01-31 11:42,114,88.69,0
238,151,229334000,2023-01-31 9:50,37.359726,126.535045,5.7,2023-01-31 12:41,171,92.99,0
239,153,229334000,2023-01-31 9:52,37.365831,126.541666,5.8,2023-01-31 11:33,101,98.58,0
240,155,229334000,2023-01-31 9:54,37.372694,126.569089,5.8,2023-01-31 12:39,165,85.67,0
241,157,229334000,2023-01-31 9:56,37.412226,126.589982,5.9,2023-01-31 11:38,102,82.25,0
242,159,229334000,2023-01-31 9:58,37.440515,126.601098,5.9,2023-01-31 12:06,128,81.65,1
243,1,209138000,2023-01-31 6:00,36.807719,125.600223,0.1,2023-01-31 8:26,146,89.05,0
244,2,209138000,2023-01-31 6:01,36.817744,125.60601,0.1,2023-01-31 7:38,97,94.22,0
245,3,209138000,2023-01-31 6:02,36.823405,125.607752,0.1,2023-01-31 7:47,105,83.59,0
246,4,209138000,2023-01-31 6:02,36.826267,125.613179,0.1,2023-01-31 8:16,134,83.33,0
247,5,209138000,2023-01-31 6:03,36.839838,125.615645,0.2,2023-01-31 7:53,110,88.89,0
248,6,209138000,2023-01-31 6:04,36.841835,125.621288,0.2,2023-01-31 7:44,100,99.44,0
249,7,209138000,2023-01-31 6:05,36.844267,125.624903,0.1,2023-01-31 8:18,133,83.09,0
250,8,209138000,2023-01-31 6:19,36.845802,125.634931,0.1,2023-01-31 8:40,141,92.84,0
251,9,209138000,2023-01-31 6:20,36.852712,125.636408,0.2,2023-01-31 8:20,120,87.26,0
252,10,209138000,2023-01-31 6:21,36.858775,125.638643,0.1,2023-01-31 7:59,98,81.02,0
253,11,209138000,2023-01-31 6:22,36.861398,125.642815,0.1,2023-01-31 8:45,143,96.72,0
254,12,209138000,2023-01-31 6:23,36.866806,125.642893,0.1,2023-01-31 8:07,104,97.7,0
255,13,209138000,2023-01-31 6:23,36.867909,125.651328,0.1,2023-01-31 9:06,163,99.19,0
256,14,209138000,2023-01-31 6:24,36.8696,125.653807,0.1,2023-01-31 9:20,176,84.1,0
257,15,209138000,2023-01-31 6:25,36.872028,125.656108,0.1,2023-01-31 8:50,145,87.72,0
258,16,209138000,2023-01-31 6:26,36.873979,125.65766,0.1,2023-01-31 8:54,148,87.69,0
259,17,209138000,2023-01-31 6:27,36.878418,125.66109,0.1,2023-01-31 8:45,138,98.27,0
260,18,209138000,2023-01-31 6:28,36.879049,125.662934,0.1,2023-01-31 8:59,151,98.95,0
261,19,209138000,2023-01-31 6:29,36.879764,125.673582,0.1,2023-01-31 8:25,116,82.44,0
262,20,209138000,2023-01-31 6:31,36.883591,125.674356,0.1,2023-01-31 9:28,177,96.54,0
263,21,209138000,2023-01-31 6:32,36.885148,125.677528,0.1,2023-01-31 8:46,134,80.9,0
264,22,209138000,2023-01-31 6:33,36.885374,125.678723,0.1,2023-01-31 9:23,170,82.77,0
265,23,209138000,2023-01-31 6:34,36.888601,125.686068,0.2,2023-01-31 8:36,122,92.59,0
266,24,209138000,2023-01-31 6:38,36.892521,125.68819,0.1,2023-01-31 8:34,116,86.81,0
267,25,209138000,2023-01-31 6:39,36.894885,125.693626,0.1,2023-01-31 9:07,148,92.68,0
268,26,209138000,2023-01-31 7:22,36.896237,125.696349,0.1,2023-01-31 10:06,164,80.45,0
269,27,209138000,2023-01-31 7:25,36.902497,125.698169,0.1,2023-01-31 10:02,157,83.78,0
270,28,209138000,2023-01-31 7:26,36.905841,125.713247,0.1,2023-01-31 9:03,97,96.03,0
271,29,209138000,2023-01-31 7:27,36.910479,125.725862,0.2,2023-01-31 10:02,155,95.36,0
272,30,209138000,2023-01-31 7:28,36.912604,125.732588,0.1,2023-01-31 9:07,99,89.54,0
273,31,209138000,2023-01-31 7:29,36.914038,125.745255,0.1,2023-01-31 9:19,110,80.08,0
274,32,209138000,2023-01-31 7:30,36.917993,125.757843,0.2,2023-01-31 9:48,138,81.4,0
275,33,209138000,2023-01-31 7:31,36.920738,125.758483,0.1,2023-01-31 9:34,123,94.11,0
276,34,209138000,2023-01-31 7:32,36.930222,125.759371,0.1,2023-01-31 9:30,118,96.5,0
277,35,209138000,2023-01-31 7:34,36.936758,125.766106,0.1,2023-01-31 10:09,155,93.12,0
278,36,209138000,2023-01-31 7:38,36.938868,125.774587,0.1,2023-01-31 10:09,151,91.21,0
279,37,209138000,2023-01-31 7:40,36.942229,125.787212,0.1,2023-01-31 10:09,149,85.2,0
280,38,209138000,2023-01-31 7:42,36.944103,125.795765,0.1,2023-01-31 9:57,135,91.91,0
281,39,209138000,2023-01-31 7:43,36.947214,125.800537,0.1,2023-01-31 9:49,126,97.75,0
282,40,209138000,2023-01-31 7:44,36.947425,125.80312,0.1,2023-01-31 9:33,109,89.75,0
283,41,209138000,2023-01-31 7:45,36.947617,125.814547,0.1,2023-01-31 10:01,136,93.75,0
284,42,209138000,2023-01-31 7:46,36.952552,125.822969,0.2,2023-01-31 9:21,95,92.71,0
285,43,209138000,2023-01-31 7:47,36.957544,125.833709,0.4,2023-01-31 10:45,178,93.87,0
286,44,209138000,2023-01-31 7:49,36.961005,125.835049,0.1,2023-01-31 9:48,119,84.95,0
287,45,209138000,2023-01-31 7:51,36.962319,125.845164,0.1,2023-01-31 9:41,110,90.87,0
288,46,209138000,2023-01-31 7:52,36.963033,125.851415,0.2,2023-01-31 9:58,126,83.18,0
289,47,209138000,2023-01-31 8:01,36.967402,125.866052,0.1,2023-01-31 10:25,144,94.82,0
290,48,209138000,2023-01-31 8:02,36.974551,125.868128,0.1,2023-01-31 10:12,130,96.46,0
291,49,209138000,2023-01-31 8:02,36.975268,125.872128,0.1,2023-01-31 9:47,105,85.24,0
292,50,209138000,2023-01-31 8:03,36.97698,125.876881,0.1,2023-01-31 9:57,114,96.03,0
293,51,209138000,2023-01-31 8:04,36.97828,125.878716,0.2,2023-01-31 9:56,112,93.07,0
294,52,209138000,2023-01-31 8:05,36.980462,125.879082,0.2,2023-01-31 10:09,124,95.63,0
295,53,209138000,2023-01-31 8:06,36.984225,125.887551,0.1,2023-01-31 10:41,155,87.28,0
296,54,209138000,2023-01-31 8:07,36.98554,125.890075,0.1,2023-01-31 10:18,131,93.34,0
297,55,209138000,2023-01-31 8:08,36.989941,125.912797,0.3,2023-01-31 10:28,140,99.5,0
298,56,209138000,2023-01-31 8:09,36.996128,125.917288,0.1,2023-01-31 10:37,148,99.46,0
299,57,209138000,2023-01-31 8:10,36.99634,125.917897,0.2,2023-01-31 10:38,148,94.09,0
300,58,209138000,2023-01-31 8:11,36.998272,125.919856,0.4,2023-01-31 9:47,96,86.32,0
301,59,209138000,2023-01-31 8:12,37.009659,125.963274,0.1,2023-01-31 9:50,98,87.73,0
302,60,209138000,2023-01-31 8:13,37.010978,125.96618,0.3,2023-01-31 9:55,102,99.5,0
303,61,209138000,2023-01-31 8:14,37.027918,125.982623,0.1,2023-01-31 10:53,159,89.06,0
304,62,209138000,2023-01-31 8:15,37.047821,126.000536,0.1,2023-01-31 10:30,135,97.58,0
305,63,209138000,2023-01-31 8:16,37.048033,126.009608,0.1,2023-01-31 10:58,162,89.92,0
306,64,209138000,2023-01-31 8:17,37.054589,126.009839,0.3,2023-01-31 10:21,124,82.01,0
307,65,209138000,2023-01-31 8:18,37.057596,126.014773,0.3,2023-01-31 10:22,124,83.94,0
308,66,209138000,2023-01-31 8:19,37.06279,126.025144,0.1,2023-01-31 11:17,178,96.62,0
309,67,209138000,2023-01-31 8:20,37.065778,126.027468,0.1,2023-01-31 11:07,167,94.04,0
310,68,209138000,2023-01-31 8:21,37.08033,126.05383,0.2,2023-01-31 10:31,130,96.58,0
311,69,209138000,2023-01-31 8:22,37.082441,126.05554,0.3,2023-01-31 10:06,104,97.54,0
312,70,209138000,2023-01-31 8:23,37.084007,126.057762,0.4,2023-01-31 10:00,97,93.11,0
313,71,209138000,2023-01-31 8:24,37.084775,126.05873,0.2,2023-01-31 10:36,132,83.05,0
314,72,209138000,2023-01-31 8:25,37.086974,126.064998,0.1,2023-01-31 10:21,116,82.89,0
315,73,209138000,2023-01-31 8:26,37.089896,126.065633,0.1,2023-01-31 10:27,121,88.25,0
316,74,209138000,2023-01-31 8:27,37.09971,126.066215,0.2,2023-01-31 10:52,145,95.9,0
317,75,209138000,2023-01-31 8:28,37.107058,126.071183,0.3,2023-01-31 10:12,104,97.54,0
318,76,209138000,2023-01-31 8:29,37.117148,126.077272,0.2,2023-01-31 10:04,95,83.98,0
319,77,209138000,2023-01-31 8:30,37.118332,126.078834,0.1,2023-01-31 10:48,138,88.51,0
320,78,209138000,2023-01-31 8:31,37.118919,126.079584,0.1,2023-01-31 10:44,133,80.16,0
321,79,209138000,2023-01-31 8:32,37.121302,126.079992,0.1,2023-01-31 10:34,122,81.9,0
322,80,209138000,2023-01-31 8:33,37.121645,126.080684,0.1,2023-01-31 11:19,166,91.6,0
323,81,209138000,2023-01-31 8:35,37.128587,126.093367,0.2,2023-01-31 11:17,162,93.12,0
324,82,209138000,2023-01-31 8:36,37.131449,126.118754,0.1,2023-01-31 10:30,114,88.02,0
325,83,209138000,2023-01-31 8:37,37.133076,126.119553,0.2,2023-01-31 10:59,142,91.36,0
326,84,209138000,2023-01-31 8:38,37.134489,126.120801,0.1,2023-01-31 11:23,165,81.14,0
327,85,209138000,2023-01-31 8:41,37.135428,126.126154,0.2,2023-01-31 11:32,171,92.22,0
328,86,209138000,2023-01-31 8:42,37.142547,126.137076,0.1,2023-01-31 10:35,113,82.04,0
329,87,209138000,2023-01-31 8:43,37.144823,126.138781,0.3,2023-01-31 10:42,119,81.29,0
330,88,209138000,2023-01-31 8:44,37.14573,126.156675,0.1,2023-01-31 10:39,115,88.83,0
331,89,209138000,2023-01-31 8:45,37.146055,126.159686,0.1,2023-01-31 11:11,146,83.84,0
332,90,209138000,2023-01-31 8:47,37.146932,126.170184,0.1,2023-01-31 11:02,135,80.18,0
333,91,209138000,2023-01-31 8:48,37.156425,126.173081,0.1,2023-01-31 10:56,128,83.14,0
334,92,209138000,2023-01-31 8:49,37.160063,126.18151,0.3,2023-01-31 11:39,170,86.69,0
335,93,209138000,2023-01-31 8:51,37.160174,126.182022,0.1,2023-01-31 10:34,103,81.21,0
336,94,209138000,2023-01-31 8:52,37.160268,126.187154,0.2,2023-01-31 11:46,174,87.19,0
337,95,209138000,2023-01-31 8:53,37.161886,126.201528,0.2,2023-01-31 11:23,150,93.99,0
338,96,209138000,2023-01-31 8:54,37.166211,126.210959,0.2,2023-01-31 11:27,153,84.1,0
339,97,209138000,2023-01-31 8:55,37.16774,126.21817,0.3,2023-01-31 10:42,107,96.12,0
340,98,209138000,2023-01-31 8:56,37.182333,126.258687,0.1,2023-01-31 11:37,161,97.33,0
341,99,209138000,2023-01-31 8:57,37.18282,126.266354,0.2,2023-01-31 11:03,126,86.53,0
342,100,209138000,2023-01-31 8:58,37.187448,126.271144,0.2,2023-01-31 11:15,137,95.69,0
343,101,209138000,2023-01-31 8:59,37.187889,126.272725,0.1,2023-01-31 11:15,136,96.38,0
344,102,209138000,2023-01-31 9:00,37.198455,126.277304,0.4,2023-01-31 10:59,119,85.9,0
345,103,209138000,2023-01-31 9:01,37.200788,126.278947,0.1,2023-01-31 10:48,107,92.41,0
346,104,209138000,2023-01-31 9:02,37.20337,126.291084,0.2,2023-01-31 11:29,147,94.5,0
347,105,209138000,2023-01-31 9:03,37.204278,126.292056,0.1,2023-01-31 12:03,180,91.41,0
348,106,209138000,2023-01-31 9:04,37.207541,126.297123,0.1,2023-01-31 11:26,142,80.43,0
349,107,209138000,2023-01-31 9:05,37.222809,126.297208,0.1,2023-01-31 11:56,171,95.48,0
350,108,209138000,2023-01-31 9:06,37.232191,126.300002,0.2,2023-01-31 12:01,175,82.83,0
351,109,209138000,2023-01-31 9:07,37.243828,126.307144,0.2,2023-01-31 11:34,147,89.48,0
352,110,209138000,2023-01-31 9:08,37.247507,126.313871,0.1,2023-01-31 10:52,104,87.45,0
353,111,209138000,2023-01-31 9:09,37.247729,126.325418,0.2,2023-01-31 11:34,145,84.71,0
354,112,209138000,2023-01-31 9:10,37.250576,126.330963,0.2,2023-01-31 11:01,111,96.26,0
355,113,209138000,2023-01-31 9:11,37.254372,126.334521,0.1,2023-01-31 11:19,128,91.46,0
356,114,209138000,2023-01-31 9:12,37.254768,126.344358,0.1,2023-01-31 11:49,157,89.59,0
357,115,209138000,2023-01-31 9:13,37.25591,126.34563,0.2,2023-01-31 11:52,159,90.59,0
358,116,209138000,2023-01-31 9:14,37.262865,126.349711,0.4,2023-01-31 11:01,107,91.43,0
359,117,209138000,2023-01-31 9:15,37.264235,126.360492,1,2023-01-31 12:10,175,83.81,0
360,118,209138000,2023-01-31 9:16,37.265185,126.364507,1,2023-01-31 11:35,139,98.47,0
361,119,209138000,2023-01-31 9:17,37.26853,126.367522,2.7,2023-01-31 10:52,95,99.6,0
362,120,209138000,2023-01-31 9:18,37.271505,126.369872,5.2,2023-01-31 11:14,116,91.89,0
363,121,209138000,2023-01-31 9:19,37.27475,126.371876,6,2023-01-31 11:49,150,80.12,0
364,122,209138000,2023-01-31 9:20,37.275306,126.384088,6.8,2023-01-31 11:17,117,89.34,0
365,123,209138000,2023-01-31 9:21,37.277428,126.385408,7.6,2023-01-31 11:38,137,89.52,0
366,124,209138000,2023-01-31 9:22,37.279085,126.393675,8.4,2023-01-31 11:56,154,83.46,0
367,125,209138000,2023-01-31 9:23,37.285548,126.416921,9.1,2023-01-31 11:33,130,93.49,0
368,126,209138000,2023-01-31 9:24,37.285805,126.422801,9,2023-01-31 10:59,95,91.28,0
369,127,209138000,2023-01-31 9:25,37.289887,126.433831,9.1,2023-01-31 12:12,167,99.89,0
370,128,209138000,2023-01-31 9:26,37.296195,126.435316,9.2,2023-01-31 12:14,168,96.55,0
371,129,209138000,2023-01-31 9:27,37.297282,126.438877,9,2023-01-31 12:04,157,80.35,0
372,130,209138000,2023-01-31 9:28,37.298788,126.43995,9.2,2023-01-31 11:26,118,94.29,0
373,131,209138000,2023-01-31 9:29,37.304624,126.443588,9.1,2023-01-31 11:57,148,95.44,0
374,132,209138000,2023-01-31 9:30,37.306065,126.455198,8.9,2023-01-31 12:30,180,86.08,0
375,133,209138000,2023-01-31 9:31,37.309006,126.45836,9.2,2023-01-31 11:24,113,93.29,0
376,134,209138000,2023-01-31 9:32,37.323321,126.459576,9.3,2023-01-31 11:47,135,99.09,0
377,135,209138000,2023-01-31 9:33,37.33161,126.472854,9.3,2023-01-31 12:05,152,96.07,0
378,136,209138000,2023-01-31 9:34,37.339886,126.475246,9.3,2023-01-31 12:13,159,85.43,0
379,137,209138000,2023-01-31 9:35,37.343642,126.484884,9.1,2023-01-31 11:26,111,97.9,0
380,138,209138000,2023-01-31 9:36,37.346855,126.489123,9.3,2023-01-31 12:11,155,98.64,0
381,139,209138000,2023-01-31 9:37,37.359289,126.489634,9.2,2023-01-31 12:37,180,88.09,0
382,140,209138000,2023-01-31 9:38,37.366301,126.498092,9.4,2023-01-31 11:20,102,98.09,0
383,141,209138000,2023-01-31 9:39,37.37233,126.50722,9.2,2023-01-31 11:18,99,81.78,0
384,142,209138000,2023-01-31 9:40,37.375794,126.507586,9.3,2023-01-31 12:26,166,86.92,0
385,143,209138000,2023-01-31 9:41,37.378769,126.509076,9.3,2023-01-31 11:20,99,86.32,0
386,144,209138000,2023-01-31 9:42,37.379034,126.511037,9.3,2023-01-31 11:47,125,98.12,0
387,145,209138000,2023-01-31 9:43,37.380342,126.514457,9.2,2023-01-31 12:11,148,87.3,0
388,146,209138000,2023-01-31 9:44,37.382405,126.515344,9.2,2023-01-31 11:47,123,94.97,0
389,147,209138000,2023-01-31 9:45,37.382571,126.516396,9.3,2023-01-31 11:52,127,96.98,0
390,148,209138000,2023-01-31 9:47,37.382884,126.520344,9.3,2023-01-31 11:49,122,85.5,0
391,149,209138000,2023-01-31 9:48,37.391366,126.539403,9.4,2023-01-31 11:26,98,85.39,0
392,150,209138000,2023-01-31 9:49,37.393781,126.545905,9.1,2023-01-31 12:00,131,88.41,0
393,151,209138000,2023-01-31 9:50,37.396193,126.545988,9.2,2023-01-31 12:11,141,84.28,0
394,152,209138000,2023-01-31 9:51,37.396739,126.546125,9.4,2023-01-31 12:02,131,99.85,0
395,153,209138000,2023-01-31 9:52,37.405366,126.549919,9.2,2023-01-31 12:43,171,97.77,0
396,154,209138000,2023-01-31 9:53,37.416649,126.552916,9.2,2023-01-31 12:07,134,96.66,0
397,155,209138000,2023-01-31 9:54,37.418761,126.561001,9.2,2023-01-31 12:21,147,93.3,0
398,156,209138000,2023-01-31 9:55,37.421527,126.56835,9.3,2023-01-31 12:27,152,97.33,0
399,157,209138000,2023-01-31 9:56,37.42427,126.569588,9.2,2023-01-31 12:06,130,80.27,0
400,158,209138000,2023-01-31 9:57,37.427041,126.576784,9.3,2023-01-31 12:18,141,99.97,0
401,159,209138000,2023-01-31 9:58,37.43073,126.596157,9.2,2023-01-31 11:45,107,84.76,0
402,160,209138000,2023-01-31 9:59,37.440515,126.601098,9.2,2023-01-31 12:28,149,92.22,1
403,1,441271000,2023-01-31 6:00,36.808115,125.613759,8.7,2023-01-31 7:36,96,82.04,0
404,2,441271000,2023-01-31 6:01,36.81827,125.614016,8.7,2023-01-31 8:02,121,87.48,0
405,3,441271000,2023-01-31 6:02,36.827611,125.629316,8.8,2023-01-31 8:37,155,81.06,0
406,6,441271000,2023-01-31 6:04,36.830208,125.639416,8.8,2023-01-31 7:48,104,98.79,0
407,7,441271000,2023-01-31 6:06,36.849599,125.644346,8.9,2023-01-31 8:40,154,90.87,0
408,9,441271000,2023-01-31 6:20,36.851206,125.644991,9.1,2023-01-31 8:26,126,89.38,0
409,11,441271000,2023-01-31 6:22,36.854977,125.648062,9.1,2023-01-31 8:22,120,95.78,0
410,14,441271000,2023-01-31 6:24,36.857459,125.681625,9.2,2023-01-31 9:09,165,90.39,0
411,16,441271000,2023-01-31 6:26,36.869969,125.685812,9.2,2023-01-31 8:47,141,89.32,0
412,18,441271000,2023-01-31 6:28,36.872607,125.713112,9.3,2023-01-31 9:14,166,84.63,0
413,20,441271000,2023-01-31 6:31,36.87684,125.744946,9.4,2023-01-31 8:12,101,84.02,0
414,21,441271000,2023-01-31 6:32,36.881066,125.752603,9.4,2023-01-31 9:21,169,84.42,0
415,22,441271000,2023-01-31 6:33,36.884098,125.754646,9.4,2023-01-31 9:11,158,87.25,0
416,23,441271000,2023-01-31 6:34,36.889672,125.762613,9.4,2023-01-31 8:29,115,89.15,0
417,25,441271000,2023-01-31 6:39,36.897896,125.768997,9.4,2023-01-31 8:33,114,95.88,0
418,26,441271000,2023-01-31 7:22,36.899566,125.769334,9.4,2023-01-31 9:35,133,85.13,0
419,28,441271000,2023-01-31 7:26,36.906108,125.773876,9.4,2023-01-31 9:39,133,82.14,0
420,30,441271000,2023-01-31 7:28,36.916976,125.774965,9.4,2023-01-31 9:37,129,89.55,0
421,32,441271000,2023-01-31 7:30,36.950191,125.778527,9.4,2023-01-31 9:06,96,94.49,0
422,34,441271000,2023-01-31 7:32,36.950702,125.778559,9.4,2023-01-31 9:41,129,81.63,0
423,35,441271000,2023-01-31 7:34,36.950732,125.792702,9.4,2023-01-31 10:22,168,86.14,0
424,36,441271000,2023-01-31 7:38,36.97496,125.794014,9.5,2023-01-31 10:12,154,99.16,0
425,37,441271000,2023-01-31 7:40,36.985444,125.79701,9.4,2023-01-31 10:08,148,81.93,0
426,38,441271000,2023-01-31 7:42,36.988107,125.797011,9.5,2023-01-31 9:20,98,86.95,0
427,40,441271000,2023-01-31 7:44,37.006899,125.815511,9.4,2023-01-31 9:42,118,84.27,0
428,42,441271000,2023-01-31 7:46,37.025894,125.83154,9.4,2023-01-31 10:06,140,82.52,0
429,46,441271000,2023-01-31 7:52,37.025997,125.85301,9.5,2023-01-31 9:48,116,82.42,0
430,48,441271000,2023-01-31 8:02,37.057314,125.868134,9.5,2023-01-31 9:56,114,80.16,0
431,49,441271000,2023-01-31 8:02,37.062936,125.876466,9.4,2023-01-31 10:35,153,83.97,0
432,51,441271000,2023-01-31 8:04,37.066752,125.913407,9.4,2023-01-31 10:35,151,88.28,0
433,53,441271000,2023-01-31 8:06,37.071034,125.918127,9.4,2023-01-31 9:51,105,93.02,0
434,55,441271000,2023-01-31 8:08,37.07127,125.918544,9.4,2023-01-31 10:49,161,95.96,0
435,57,441271000,2023-01-31 8:10,37.076404,125.923571,9.4,2023-01-31 10:12,122,97.76,0
436,59,441271000,2023-01-31 8:12,37.092569,125.945699,9.4,2023-01-31 10:39,147,87.42,0
437,61,441271000,2023-01-31 8:14,37.094048,125.96291,9.4,2023-01-31 10:07,113,83.53,0
438,63,441271000,2023-01-31 8:16,37.113837,125.963963,9.4,2023-01-31 10:26,130,90.18,0
439,65,441271000,2023-01-31 8:18,37.117162,125.965336,9.4,2023-01-31 10:35,137,98.45,0
440,67,441271000,2023-01-31 8:20,37.122692,125.967271,9.4,2023-01-31 10:46,146,95.05,0
441,69,441271000,2023-01-31 8:22,37.122738,125.973856,9.4,2023-01-31 10:58,156,89.4,0
442,71,441271000,2023-01-31 8:24,37.132346,125.985783,9.3,2023-01-31 10:34,130,94.64,0
443,73,441271000,2023-01-31 8:26,37.135513,125.992422,9.3,2023-01-31 11:02,156,93.28,0
444,75,441271000,2023-01-31 8:28,37.138965,126.009278,9.3,2023-01-31 10:12,104,94.27,0
445,77,441271000,2023-01-31 8:30,37.146377,126.031518,9.3,2023-01-31 10:10,100,86.12,0
446,79,441271000,2023-01-31 8:32,37.159958,126.033642,9.3,2023-01-31 11:15,163,98.14,0
447,82,441271000,2023-01-31 8:36,37.172156,126.034758,9.2,2023-01-31 11:17,161,93.93,0
448,84,441271000,2023-01-31 8:38,37.195878,126.041319,9.3,2023-01-31 10:34,116,90.63,0
449,86,441271000,2023-01-31 8:42,37.196423,126.060371,9.2,2023-01-31 11:16,154,94.38,0
450,88,441271000,2023-01-31 8:44,37.205511,126.100794,9.2,2023-01-31 11:31,167,97.64,0
451,91,441271000,2023-01-31 8:48,37.210471,126.102691,9.2,2023-01-31 11:35,167,84.7,0
452,94,441271000,2023-01-31 8:52,37.215111,126.154713,9.2,2023-01-31 11:34,162,99.4,0
453,96,441271000,2023-01-31 8:54,37.22513,126.157381,9.3,2023-01-31 11:28,154,99.89,0
454,98,441271000,2023-01-31 8:56,37.232801,126.167142,9.2,2023-01-31 11:32,156,95.84,0
455,100,441271000,2023-01-31 8:58,37.238,126.176713,9.4,2023-01-31 10:46,108,98.23,0
456,102,441271000,2023-01-31 9:00,37.242887,126.184449,9.3,2023-01-31 11:43,163,94.78,0
457,104,441271000,2023-01-31 9:02,37.252901,126.186807,9.3,2023-01-31 11:32,150,80.01,0
458,106,441271000,2023-01-31 9:04,37.264792,126.18915,9.2,2023-01-31 10:56,112,82.44,0
459,108,441271000,2023-01-31 9:06,37.271566,126.193074,9.3,2023-01-31 11:44,158,91.48,0
460,110,441271000,2023-01-31 9:08,37.275048,126.201908,9.3,2023-01-31 11:37,149,83.95,0
461,112,441271000,2023-01-31 9:10,37.27811,126.204074,9.4,2023-01-31 10:46,96,82.46,0
462,114,441271000,2023-01-31 9:12,37.293059,126.27932,9.3,2023-01-31 11:05,113,91.84,0
463,116,441271000,2023-01-31 9:14,37.302169,126.288575,9.4,2023-01-31 11:25,131,95.52,0
464,118,441271000,2023-01-31 9:16,37.318391,126.320159,9.4,2023-01-31 11:55,159,96.6,0
465,120,441271000,2023-01-31 9:18,37.321653,126.33136,9.4,2023-01-31 11:09,111,89.26,0
466,122,441271000,2023-01-31 9:20,37.328997,126.334596,9.5,2023-01-31 12:01,161,99.44,0
467,124,441271000,2023-01-31 9:22,37.336091,126.347785,9.5,2023-01-31 12:16,174,93.08,0
468,126,441271000,2023-01-31 9:24,37.336362,126.356577,9.4,2023-01-31 11:24,120,90.6,0
469,128,441271000,2023-01-31 9:26,37.36073,126.359452,9.4,2023-01-31 11:04,98,95.85,0
470,130,441271000,2023-01-31 9:28,37.367213,126.364262,9.3,2023-01-31 11:55,147,88.98,0
471,132,441271000,2023-01-31 9:30,37.367257,126.407664,9.3,2023-01-31 11:18,108,91.94,0
472,134,441271000,2023-01-31 9:32,37.374798,126.429313,9.3,2023-01-31 11:40,128,82.7,0
473,136,441271000,2023-01-31 9:34,37.380573,126.444155,9.2,2023-01-31 11:59,145,81,0
474,138,441271000,2023-01-31 9:36,37.381449,126.451748,9.2,2023-01-31 11:59,143,95.59,0
475,140,441271000,2023-01-31 9:38,37.399079,126.467688,9.3,2023-01-31 12:09,151,89.77,0
476,142,441271000,2023-01-31 9:40,37.406954,126.488389,9.2,2023-01-31 12:37,177,85.26,0
477,144,441271000,2023-01-31 9:42,37.407646,126.502021,9.1,2023-01-31 12:27,165,80.8,0
478,146,441271000,2023-01-31 9:44,37.411852,126.510769,9.3,2023-01-31 11:57,133,98.96,0
479,149,441271000,2023-01-31 9:48,37.412935,126.512949,9.3,2023-01-31 12:06,138,91.99,0
480,151,441271000,2023-01-31 9:50,37.426525,126.517324,9.3,2023-01-31 11:36,106,94.73,0
481,153,441271000,2023-01-31 9:52,37.427862,126.520349,9.3,2023-01-31 11:45,113,89,0
482,155,441271000,2023-01-31 9:54,37.430242,126.586767,9.2,2023-01-31 12:19,145,86.58,0
483,157,441271000,2023-01-31 9:56,37.431807,126.592753,9,2023-01-31 11:44,108,85.96,0
484,159,441271000,2023-01-31 9:58,37.440515,126.601098,9.2,2023-01-31 11:49,111,83.84,1
485,1,538009208,2023-01-31 6:00,36.804606,125.601286,1.1,2023-01-31 8:19,139,87.6,0
486,2,538009208,2023-01-31 6:01,36.81239,125.607457,3,2023-01-31 8:12,131,94.87,0
487,3,538009208,2023-01-31 6:02,36.81251,125.629414,1.1,2023-01-31 8:30,148,83.85,0
488,4,538009208,2023-01-31 6:02,36.819203,125.631141,0.8,2023-01-31 8:00,118,83.06,0
489,5,538009208,2023-01-31 6:03,36.824397,125.635423,0.7,2023-01-31 8:09,126,89.18,0
490,6,538009208,2023-01-31 6:04,36.826728,125.636502,0.6,2023-01-31 7:56,112,98.86,0
491,7,538009208,2023-01-31 6:05,36.833209,125.640431,2.5,2023-01-31 7:51,106,85.56,0
492,8,538009208,2023-01-31 6:19,36.835213,125.64731,0.5,2023-01-31 8:53,154,92.46,0
493,9,538009208,2023-01-31 6:20,36.842659,125.65204,0.4,2023-01-31 9:09,169,83.93,0
494,10,538009208,2023-01-31 6:21,36.848492,125.654832,0.5,2023-01-31 8:07,106,91,0
495,11,538009208,2023-01-31 6:22,36.851843,125.660348,0.3,2023-01-31 8:50,148,97.39,0
496,12,538009208,2023-01-31 6:23,36.851944,125.683238,0.2,2023-01-31 7:59,96,94.73,0
497,13,538009208,2023-01-31 6:23,36.86331,125.687764,0.3,2023-01-31 8:14,111,93.2,0
498,14,538009208,2023-01-31 6:24,36.869441,125.700597,0.2,2023-01-31 8:35,131,89.01,0
499,15,538009208,2023-01-31 6:25,36.876364,125.702399,0.8,2023-01-31 9:25,180,90.03,0
500,16,538009208,2023-01-31 6:26,36.880842,125.71091,4.2,2023-01-31 9:02,156,84.03,0
501,17,538009208,2023-01-31 6:27,36.881534,125.716054,0.5,2023-01-31 8:27,120,86.69,0
502,18,538009208,2023-01-31 6:28,36.897594,125.728538,3.5,2023-01-31 8:18,110,87.56,0
503,19,538009208,2023-01-31 6:29,36.898455,125.736416,1.6,2023-01-31 8:16,107,81.21,0
504,20,538009208,2023-01-31 6:31,36.903853,125.740571,11.9,2023-01-31 9:08,157,86.89,0
505,21,538009208,2023-01-31 6:32,36.90488,125.741913,14.5,2023-01-31 9:05,153,95.49,0
506,22,538009208,2023-01-31 6:33,36.905587,125.748458,15.4,2023-01-31 9:31,178,89.9,0
507,23,538009208,2023-01-31 6:34,36.906492,125.755545,15.5,2023-01-31 9:27,173,83.06,0
508,24,538009208,2023-01-31 6:38,36.911524,125.764464,15.6,2023-01-31 8:52,134,91.4,0
509,25,538009208,2023-01-31 6:39,36.912906,125.774951,15.7,2023-01-31 9:09,150,95.92,0
510,26,538009208,2023-01-31 7:22,36.913868,125.776318,15.6,2023-01-31 9:39,137,89.88,0
511,27,538009208,2023-01-31 7:25,36.91403,125.77655,15.7,2023-01-31 10:19,174,81.35,0
512,28,538009208,2023-01-31 7:26,36.916788,125.789096,15.5,2023-01-31 10:25,179,82.07,0
513,29,538009208,2023-01-31 7:27,36.918136,125.789639,15.5,2023-01-31 10:15,168,94.75,0
514,30,538009208,2023-01-31 7:28,36.918554,125.789779,15.5,2023-01-31 9:31,123,88.64,0
515,31,538009208,2023-01-31 7:29,36.918913,125.791888,15.4,2023-01-31 10:16,167,94.38,0
516,32,538009208,2023-01-31 7:30,36.932462,125.792688,15.4,2023-01-31 9:06,96,93.54,0
517,33,538009208,2023-01-31 7:31,36.933126,125.798495,15.5,2023-01-31 9:12,101,81.02,0
518,34,538009208,2023-01-31 7:32,36.933147,125.806036,15.4,2023-01-31 10:15,163,92.63,0
519,35,538009208,2023-01-31 7:34,36.942857,125.812362,15.6,2023-01-31 9:54,140,99.61,0
520,36,538009208,2023-01-31 7:38,36.959899,125.828192,15.8,2023-01-31 10:37,179,84.32,0
521,37,538009208,2023-01-31 7:40,36.966945,125.836303,15.7,2023-01-31 9:49,129,93.74,0
522,38,538009208,2023-01-31 7:42,36.967701,125.842816,15.4,2023-01-31 9:56,134,87.24,0
523,39,538009208,2023-01-31 7:43,36.968063,125.848361,15.6,2023-01-31 10:41,178,93.04,0
524,40,538009208,2023-01-31 7:44,36.969,125.856719,15.8,2023-01-31 10:36,172,96.35,0
525,41,538009208,2023-01-31 7:45,36.982096,125.860857,15.6,2023-01-31 10:29,164,83.33,0
526,42,538009208,2023-01-31 7:46,36.982131,125.866,15.6,2023-01-31 9:23,97,89.71,0
527,43,538009208,2023-01-31 7:47,36.986437,125.868299,15.7,2023-01-31 9:25,98,91.91,0
528,44,538009208,2023-01-31 7:49,36.987169,125.872735,15.8,2023-01-31 10:34,165,85.82,0
529,45,538009208,2023-01-31 7:51,36.988997,125.873497,15.6,2023-01-31 9:49,118,98.67,0
530,46,538009208,2023-01-31 7:52,36.989046,125.885088,15.4,2023-01-31 10:38,166,80.24,0
531,47,538009208,2023-01-31 8:01,36.992897,125.891154,15.2,2023-01-31 10:07,126,87.95,0
532,48,538009208,2023-01-31 8:02,36.998242,125.893747,15.4,2023-01-31 10:35,153,91.7,0
533,49,538009208,2023-01-31 8:02,37.005674,125.905202,15.5,2023-01-31 10:38,156,80.7,0
534,50,538009208,2023-01-31 8:03,37.007214,125.912995,15.6,2023-01-31 10:42,159,91.52,0
535,51,538009208,2023-01-31 8:04,37.011721,125.921246,15.4,2023-01-31 10:56,172,98.68,0
536,52,538009208,2023-01-31 8:05,37.01616,125.934665,15.5,2023-01-31 9:51,106,90.2,0
537,53,538009208,2023-01-31 8:06,37.018282,125.949404,15.6,2023-01-31 9:46,100,80.15,0
538,54,538009208,2023-01-31 8:07,37.023023,125.957306,15.5,2023-01-31 11:04,177,90.17,0
539,55,538009208,2023-01-31 8:08,37.024414,125.962304,15.6,2023-01-31 10:47,159,83.18,0
540,56,538009208,2023-01-31 8:09,37.032912,125.96374,15.7,2023-01-31 10:02,113,85.08,0
541,57,538009208,2023-01-31 8:10,37.042992,125.96491,15.4,2023-01-31 10:51,161,99.5,0
542,58,538009208,2023-01-31 8:11,37.046351,125.974408,15.3,2023-01-31 10:06,115,82.47,0
543,59,538009208,2023-01-31 8:12,37.048099,126.013156,15.3,2023-01-31 10:14,122,91.96,0
544,60,538009208,2023-01-31 8:13,37.048363,126.013724,15.4,2023-01-31 9:59,106,87.4,0
545,61,538009208,2023-01-31 8:14,37.048855,126.014958,15.5,2023-01-31 10:54,160,93.13,0
546,62,538009208,2023-01-31 8:15,37.068123,126.020643,15.3,2023-01-31 10:14,119,82.98,0
547,63,538009208,2023-01-31 8:16,37.070725,126.023093,15.4,2023-01-31 10:50,154,82.13,0
548,64,538009208,2023-01-31 8:17,37.076387,126.028782,15.6,2023-01-31 10:58,161,86.33,0
549,65,538009208,2023-01-31 8:18,37.079448,126.029873,15.6,2023-01-31 10:22,124,85.28,0
550,66,538009208,2023-01-31 8:19,37.087025,126.035722,15.6,2023-01-31 10:53,154,92.4,0
551,67,538009208,2023-01-31 8:20,37.087194,126.038971,15.6,2023-01-31 10:47,147,99.04,0
552,68,538009208,2023-01-31 8:21,37.087784,126.040409,15.7,2023-01-31 11:13,172,96.22,0
553,69,538009208,2023-01-31 8:22,37.088306,126.05172,15.6,2023-01-31 11:08,166,98.16,0
554,70,538009208,2023-01-31 8:23,37.089041,126.063861,15.5,2023-01-31 11:17,174,87.21,0
555,71,538009208,2023-01-31 8:24,37.091941,126.075813,15.8,2023-01-31 10:58,154,95.34,0
556,72,538009208,2023-01-31 8:25,37.093913,126.084538,16.1,2023-01-31 10:40,135,87.16,0
557,73,538009208,2023-01-31 8:26,37.094668,126.089451,16.1,2023-01-31 11:01,155,87.35,0
558,74,538009208,2023-01-31 8:27,37.096536,126.091509,16.3,2023-01-31 11:27,180,83.6,0
559,75,538009208,2023-01-31 8:28,37.102664,126.093656,16.2,2023-01-31 10:57,149,95.44,0
560,76,538009208,2023-01-31 8:29,37.106531,126.099262,16.3,2023-01-31 11:13,164,84.27,0
561,77,538009208,2023-01-31 8:30,37.111613,126.10093,16,2023-01-31 11:25,175,90.62,0
562,78,538009208,2023-01-31 8:31,37.113949,126.101997,15.9,2023-01-31 11:15,164,91.17,0
563,79,538009208,2023-01-31 8:32,37.1184,126.103529,15,2023-01-31 11:01,149,97.42,0
564,80,538009208,2023-01-31 8:33,37.122156,126.125288,11.2,2023-01-31 10:53,140,81.63,0
565,81,538009208,2023-01-31 8:35,37.13183,126.128835,4.4,2023-01-31 10:21,106,82.52,0
566,82,538009208,2023-01-31 8:36,37.133446,126.144441,2.3,2023-01-31 11:02,146,84.2,0
567,83,538009208,2023-01-31 8:37,37.1341,126.153539,0.6,2023-01-31 10:43,126,96.86,0
568,84,538009208,2023-01-31 8:38,37.134591,126.156611,4.1,2023-01-31 10:35,117,97.56,0
569,85,538009208,2023-01-31 8:41,37.140141,126.158321,11.8,2023-01-31 11:35,174,92.69,0
570,86,538009208,2023-01-31 8:42,37.15114,126.161353,16,2023-01-31 11:10,148,89.31,0
571,87,538009208,2023-01-31 8:43,37.151323,126.169929,16.2,2023-01-31 11:22,159,90.96,0
572,88,538009208,2023-01-31 8:44,37.158496,126.181463,16.2,2023-01-31 10:52,128,86.18,0
573,89,538009208,2023-01-31 8:45,37.159589,126.186799,16,2023-01-31 11:21,156,80.97,0
574,90,538009208,2023-01-31 8:47,37.162114,126.19267,16.3,2023-01-31 11:15,148,86.95,0
575,91,538009208,2023-01-31 8:48,37.163638,126.203048,16.1,2023-01-31 11:12,144,86.85,0
576,92,538009208,2023-01-31 8:49,37.167364,126.205859,16.4,2023-01-31 10:28,99,90.47,0
577,93,538009208,2023-01-31 8:51,37.167998,126.206133,16.1,2023-01-31 11:48,177,81.57,0
578,94,538009208,2023-01-31 8:52,37.172357,126.207418,16.3,2023-01-31 10:43,111,85.43,0
579,95,538009208,2023-01-31 8:53,37.177488,126.217336,16.2,2023-01-31 10:50,117,93.3,0
580,96,538009208,2023-01-31 8:54,37.179948,126.221089,16.6,2023-01-31 11:45,171,97.21,0
581,97,538009208,2023-01-31 8:55,37.183063,126.239141,16.7,2023-01-31 11:35,160,85.2,0
582,98,538009208,2023-01-31 8:56,37.183224,126.24071,16.7,2023-01-31 10:40,104,89.17,0
583,99,538009208,2023-01-31 8:57,37.18358,126.251128,15.5,2023-01-31 11:24,147,98.05,0
584,100,538009208,2023-01-31 8:58,37.203883,126.264331,15.8,2023-01-31 11:30,152,95.3,0
585,101,538009208,2023-01-31 8:59,37.204774,126.266383,15.8,2023-01-31 11:17,138,98.3,0
586,102,538009208,2023-01-31 9:00,37.21055,126.276382,16.4,2023-01-31 11:40,160,86.8,0
587,103,538009208,2023-01-31 9:01,37.211616,126.284476,16.6,2023-01-31 10:36,95,98.76,0
588,104,538009208,2023-01-31 9:02,37.213023,126.289917,16.1,2023-01-31 10:58,116,81.48,0
589,105,538009208,2023-01-31 9:03,37.213365,126.289926,16.3,2023-01-31 11:48,165,97.11,0
590,106,538009208,2023-01-31 9:04,37.215645,126.301416,16.4,2023-01-31 11:37,153,88.88,0
591,107,538009208,2023-01-31 9:05,37.216972,126.311053,16.4,2023-01-31 11:34,149,90.44,0
592,108,538009208,2023-01-31 9:06,37.218897,126.335349,16.7,2023-01-31 11:50,164,96.44,0
593,109,538009208,2023-01-31 9:07,37.224208,126.341066,16.7,2023-01-31 11:27,140,83.87,0
594,110,538009208,2023-01-31 9:08,37.227306,126.367376,16.6,2023-01-31 11:30,142,85.48,0
595,111,538009208,2023-01-31 9:09,37.232042,126.375203,16.3,2023-01-31 11:19,130,89.16,0
596,112,538009208,2023-01-31 9:10,37.234629,126.386634,16.2,2023-01-31 11:57,167,82.17,0
597,113,538009208,2023-01-31 9:11,37.237859,126.391332,16.5,2023-01-31 11:12,121,93.02,0
598,114,538009208,2023-01-31 9:12,37.250812,126.395915,16.6,2023-01-31 11:33,141,91.29,0
599,115,538009208,2023-01-31 9:13,37.251003,126.405657,16.3,2023-01-31 11:10,117,99.06,0
600,116,538009208,2023-01-31 9:14,37.255895,126.406404,16.1,2023-01-31 10:50,96,88.97,0
601,117,538009208,2023-01-31 9:15,37.259434,126.411334,15.9,2023-01-31 11:07,112,91.14,0
602,118,538009208,2023-01-31 9:16,37.263786,126.416645,15.7,2023-01-31 11:58,162,91.51,0
603,119,538009208,2023-01-31 9:17,37.266785,126.420128,16,2023-01-31 11:16,119,99.72,0
604,120,538009208,2023-01-31 9:18,37.270152,126.426359,15.9,2023-01-31 11:41,143,86.88,0
605,121,538009208,2023-01-31 9:19,37.274458,126.430751,16.2,2023-01-31 11:47,148,85.72,0
606,122,538009208,2023-01-31 9:20,37.278795,126.431948,16.2,2023-01-31 11:46,146,86.03,0
607,123,538009208,2023-01-31 9:21,37.289456,126.436344,16.3,2023-01-31 11:26,125,82.08,0
608,124,538009208,2023-01-31 9:22,37.294928,126.439346,16.3,2023-01-31 11:17,115,81.06,0
609,125,538009208,2023-01-31 9:23,37.29496,126.445129,16.3,2023-01-31 11:07,104,98.69,0
610,126,538009208,2023-01-31 9:24,37.301529,126.445803,16.1,2023-01-31 12:04,160,85.85,0
611,127,538009208,2023-01-31 9:25,37.302984,126.450026,16.7,2023-01-31 11:35,130,88.37,0
612,128,538009208,2023-01-31 9:26,37.304963,126.452691,16.2,2023-01-31 11:08,102,86.45,0
613,129,538009208,2023-01-31 9:27,37.307611,126.45558,8.3,2023-01-31 11:05,98,99.79,0
614,130,538009208,2023-01-31 9:28,37.310441,126.460961,6.1,2023-01-31 12:10,162,88.78,0
615,131,538009208,2023-01-31 9:29,37.310983,126.463132,0.9,2023-01-31 12:27,178,92.97,0
616,132,538009208,2023-01-31 9:30,37.326696,126.463918,0.8,2023-01-31 12:14,164,93.6,0
617,133,538009208,2023-01-31 9:31,37.328425,126.478888,2.8,2023-01-31 12:00,149,95.57,0
618,134,538009208,2023-01-31 9:32,37.333745,126.480327,3.3,2023-01-31 11:33,121,83.53,0
619,135,538009208,2023-01-31 9:33,37.335515,126.48266,0.7,2023-01-31 11:19,106,98.05,0
620,136,538009208,2023-01-31 9:34,37.335995,126.483388,0.7,2023-01-31 12:30,176,97.37,0
621,137,538009208,2023-01-31 9:35,37.336351,126.484567,4.1,2023-01-31 12:24,169,97.88,0
622,138,538009208,2023-01-31 9:36,37.340264,126.490779,5,2023-01-31 11:20,104,81.52,0
623,139,538009208,2023-01-31 9:37,37.344423,126.494046,4.3,2023-01-31 11:16,99,99.9,0
624,140,538009208,2023-01-31 9:38,37.345691,126.498258,2.9,2023-01-31 12:11,153,87.98,0
625,141,538009208,2023-01-31 9:39,37.346376,126.499208,2.2,2023-01-31 11:24,105,80.82,0
626,142,538009208,2023-01-31 9:40,37.348938,126.499661,1.8,2023-01-31 11:35,115,80.8,0
627,143,538009208,2023-01-31 9:41,37.351254,126.499886,1.6,2023-01-31 11:44,123,95.9,0
628,144,538009208,2023-01-31 9:42,37.354715,126.514314,1.2,2023-01-31 11:31,109,97.66,0
629,145,538009208,2023-01-31 9:43,37.357642,126.515359,1.1,2023-01-31 12:07,144,83.12,0
630,146,538009208,2023-01-31 9:44,37.363598,126.516139,1.2,2023-01-31 12:29,165,95.94,0
631,147,538009208,2023-01-31 9:45,37.374629,126.519123,0.4,2023-01-31 11:57,132,99.99,0
632,148,538009208,2023-01-31 9:47,37.375672,126.522973,1.6,2023-01-31 12:15,148,97.72,0
633,149,538009208,2023-01-31 9:48,37.376816,126.529606,4.8,2023-01-31 12:46,178,92.15,0
634,150,538009208,2023-01-31 9:49,37.384037,126.538578,5.3,2023-01-31 11:53,124,83.15,0
635,151,538009208,2023-01-31 9:50,37.385668,126.54573,3.8,2023-01-31 12:15,145,80.47,0
636,152,538009208,2023-01-31 9:51,37.385697,126.55474,0.4,2023-01-31 12:32,161,94.11,0
637,153,538009208,2023-01-31 9:52,37.399832,126.569832,0.4,2023-01-31 12:06,134,88.26,0
638,154,538009208,2023-01-31 9:53,37.40319,126.572743,0.7,2023-01-31 11:41,108,85.45,0
639,155,538009208,2023-01-31 9:54,37.4035,126.574637,0.6,2023-01-31 11:53,119,80.46,0
640,156,538009208,2023-01-31 9:55,37.415745,126.578545,0.7,2023-01-31 12:36,161,97.29,0
641,157,538009208,2023-01-31 9:56,37.421925,126.588184,0.4,2023-01-31 11:39,103,95.46,0
642,158,538009208,2023-01-31 9:57,37.425747,126.588758,0.4,2023-01-31 12:54,177,92.28,0
643,159,538009208,2023-01-31 9:58,37.428726,126.593258,0.4,2023-01-31 12:47,169,82.74,0
644,160,538009208,2023-01-31 9:59,37.440515,126.601098,0.6,2023-01-31 11:40,101,96.93,1
